	{

		"metadata": {
			"formatVersion" : 3.1,
			"generatedBy"   : "Blender 2.7 Exporter",
			"vertices"      : 54,
			"faces"         : 70,
			"normals"       : 39,
			"colors"        : 0,
			"uvs"           : [],
			"materials"     : 1,
			"morphTargets"  : 0,
			"bones"         : 1
		},

			"scale" : 1.000000,
			
			"vertices" : [-0.866025,-0.0426961,0.5,-0.866025,0.25,0.5,-0.866025,-0.25,-0.5,-0.866025,0.25,-0.5,0.866025,-0.25,-0.5,0.866025,0.25,-0.5,0.866026,-0.0426961,0.5,0.866026,0.25,0.5,-0.866025,-0.25,-1.48944,-0.866025,0.25,-1.48944,0.866025,-0.25,-1.48944,0.866025,0.25,-1.48944,-0.866025,-0.25,-1.48944,-0.866025,0.25,-1.48944,0.866025,-0.25,-1.48944,0.866025,0.25,-1.48944,-1.79735,-0.0989752,1.41172,-1.79735,-0.0989753,0.0807581,-0.414971,0.444441,0.394939,-0.414971,0.444441,-0.0842275,0.414971,0.444441,-0.0842275,0.414971,0.444441,0.394939,8.74228e-08,-0.042696,1,8.74228e-08,0.25,1,0.866026,-0.0426961,0.5,0.866026,0.25,0.5,0.866025,-0.25,-0.5,0.866025,0.25,-0.5,-8.74228e-08,-0.25,-1,-8.74228e-08,0.25,-1,-0.866026,-0.25,-0.5,-0.866026,0.25,-0.5,-0.866025,-0.0426961,0.5,-0.866025,0.25,0.5,0.866025,-0.25,-1.48944,0.866025,0.25,-1.48944,-1.73922e-07,-0.25,-1.98944,-1.73922e-07,0.25,-1.98944,-0.866026,-0.25,-1.48944,-0.866026,0.25,-1.48944,0.866025,-0.25,-1.48944,0.866025,0.25,-1.48944,-1.73922e-07,-0.25,-1.98944,-1.73922e-07,0.25,-1.98944,-0.866026,-0.25,-1.48944,-0.866026,0.25,-1.48944,1.79735,-0.0989752,1.41172,1.79735,-0.0989753,0.0807578,5.54717e-08,0.444441,0.634523,0.414971,0.444441,0.394939,0.414971,0.444441,-0.0842276,-2.83084e-08,0.444441,-0.323811,-0.414971,0.444441,-0.0842274,-0.414971,0.444441,0.394939],
			"faces"    : [35,1,0,22,23,0,0,1,2,3,35,0,16,17,2,0,1,4,5,6,35,29,5,11,37,0,7,8,9,10,35,5,4,10,11,0,8,11,12,9,35,23,7,21,48,0,3,13,14,15,35,6,7,23,22,0,16,13,3,2,35,4,5,7,6,0,11,8,13,16,34,22,4,6,0,2,11,16,34,2,28,4,0,6,17,11,34,22,0,2,0,2,1,6,34,22,2,4,0,2,6,11,35,37,11,15,43,0,10,9,18,19,35,11,10,14,15,0,9,12,18,18,35,4,28,36,10,0,11,17,20,12,35,3,29,37,9,0,21,7,10,22,35,28,2,8,36,0,17,6,23,20,35,2,3,9,8,0,6,21,22,23,35,12,13,43,42,0,24,24,19,19,35,42,43,15,14,0,19,19,18,18,35,10,36,42,14,0,12,20,19,18,35,9,37,43,13,0,22,10,19,24,35,36,8,12,42,0,20,23,24,19,35,8,9,13,12,0,23,22,24,24,34,3,2,17,0,21,6,5,35,1,3,17,16,0,0,21,5,4,34,1,16,0,0,0,4,1,34,18,51,19,0,25,26,27,34,21,20,51,0,14,28,26,34,18,48,21,0,25,15,14,34,18,21,51,0,25,14,26,35,7,5,20,21,0,13,8,28,14,35,5,29,51,20,0,8,7,26,28,35,29,3,19,51,0,7,21,27,26,35,3,1,18,19,0,21,0,25,27,35,1,23,48,18,0,0,3,15,25,35,22,24,25,23,0,2,29,30,3,35,24,26,47,46,0,29,31,32,33,35,29,37,39,31,0,7,10,22,34,35,31,39,38,30,0,34,22,23,35,35,23,48,53,33,0,3,15,25,36,35,32,22,23,33,0,37,2,3,36,35,30,32,33,31,0,35,37,36,34,34,22,26,24,0,2,31,29,34,30,28,26,0,35,17,31,34,22,32,30,0,2,37,35,34,22,30,26,0,2,35,31,35,37,43,45,39,0,10,19,24,22,35,39,45,44,38,0,22,24,24,23,35,30,38,36,28,0,35,23,20,17,35,27,35,37,29,0,38,9,10,7,35,28,36,34,26,0,17,20,12,31,35,26,34,35,27,0,31,12,9,38,35,40,42,43,41,0,18,19,19,18,35,42,44,45,43,0,19,24,24,19,35,38,44,42,36,0,23,24,19,20,35,35,41,43,37,0,9,18,19,10,35,36,42,40,34,0,20,19,18,12,35,34,40,41,35,0,12,18,18,9,34,27,47,26,0,38,32,31,35,25,46,47,27,0,30,33,32,38,34,25,24,46,0,30,29,33,34,49,53,48,0,14,25,15,34,51,52,53,0,26,27,25,34,49,50,51,0,14,28,26,34,49,51,53,0,14,26,25,35,33,53,52,31,0,36,25,27,34,35,31,52,51,29,0,34,27,26,7,35,29,51,50,27,0,7,26,28,38,35,27,50,49,25,0,38,28,14,30,35,25,49,48,23,0,30,14,15,3],
			"uvs"      : [],
			"normals"  : [-0.280679,0.805383,0.52205,0.073489,-0.821619,0.565233,0,-0.567827,0.823115,0,0.453413,0.891263,-0.472213,-0.067904,0.878842,-0.968139,-0.15421,-0.197272,-0.482589,-0.857906,-0.176214,0,0.995605,-0.093448,0.767266,0.637135,-0.072848,0.384106,0.512131,0.768212,0,0.554674,0.832026,0.68508,-0.725394,0.066469,0.384106,-0.512131,0.768212,0.765252,0.48146,0.427229,0.220466,0.959319,0.176214,0,0.949248,0.314432,0.696402,-0.561022,0.447493,0,-0.998932,0.045717,0.403424,0,0.914975,0,0,1,0,-0.554674,0.832026,-0.59273,0.759667,-0.267464,-0.384106,0.512131,0.768212,-0.384106,-0.512131,0.768212,-0.403424,0,0.914975,-0.220466,0.959319,0.176214,0,0.982818,-0.184393,-0.19599,0.97705,-0.083346,0.19599,0.97705,-0.083346,-0.073489,-0.821619,0.565233,0.280679,0.805383,0.52205,0.482589,-0.857906,-0.176214,0.968139,-0.15421,-0.197272,0.472213,-0.067904,0.878842,-0.767266,0.637135,-0.072848,-0.68508,-0.725394,0.066469,-0.765252,0.48146,0.427229,-0.696402,-0.561022,0.447493,0.59273,0.759667,-0.267464],
			
			"skinIndices"  : [-1,-1,-1,-1,-1,-1,-1,-1,-1,-1,-1,-1,-1,-1,-1,-1,-1,-1,-1,-1,-1,-1,-1,-1,-1,-1,-1,-1,-1,-1,-1,-1,-1,-1,-1,-1,-1,-1,-1,-1,-1,-1,-1,-1,-1,-1,-1,-1,-1,-1,-1,-1,-1,-1,-1,-1,-1,-1,-1,-1,-1,-1,-1,-1,-1,-1,-1,-1,-1,-1,-1,-1,-1,-1,-1,-1,-1,-1,-1,-1,-1,-1,-1,-1,-1,-1,-1,-1,-1,-1,-1,-1,-1,-1,-1,-1,-1,-1,-1,-1,-1,-1,-1,-1,-1,-1,-1,-1],
			"skinWeights"  : [0,0,0,0,0,0,0,0,0,0,0,0,0,0,0,0,0,0,0,0,0,0,0,0,0,0,0,0,0,0,0,0,0,0,0,0,0,0,0,0,0,0,0,0,0,0,0,0,0,0,0,0,0,0,0,0,0,0,0,0,0,0,0,0,0,0,0,0,0,0,0,0,0,0,0,0,0,0,0,0,0,0,0,0,0,0,0,0,0,0,0,0,0,0,0,0,0,0,0,0,0,0,0,0,0,0,0,0],
			"morphTargets" : [],
			
			"bones"      : [{"parent":-1,"name":"Bone","pos":[-0.172301,0.806863,0.53631],"rotq":[0.707107,0,-0,0.707107],"scl":[1,1,1]}],
			"animations" : [],
			
			"colors"    : [],
			"materials" : [
				{
					"DbgColor": 15658734,
					"DbgIndex": 0,
					"DbgName": "default",
					"vertexColors": false
				}
			]


	}
